,currentTime,Lookup_Table,POS_MEASUREREV,TMC_filtered,CF_FL
0,6.766076077490216,3.0,0.0,0.0,38.0
1,6.776076077490216,3.0,0.0,0.0,38.0
2,6.786076077490216,4.0,0.0,0.0,38.0
3,6.796076077490215,5.0,0.0,0.0,38.0
4,6.806076077490216,6.0,0.0,0.0,38.0
5,6.816076077490216,7.0,0.0,0.0,38.0
6,6.826076077490216,8.0,0.0,0.0,38.0
7,6.836076077490215,8.0,0.0,0.0,38.0
8,6.846076077490216,8.0,0.0,0.0,38.0
9,6.856076077490216,8.0,0.0,0.0,38.0
10,6.866076077490216,7.0,0.0,0.0,38.0
11,6.876076077490215,6.0,0.0,0.0,38.0
12,6.886076077490216,6.0,0.0,0.0,38.0
13,6.896076077490216,5.0,0.0,0.0,38.0
14,6.906076077490216,5.0,0.0,0.0,38.0
15,6.916076077490216,4.0,0.0,0.0,38.0
16,6.926076077490215,4.0,0.0,0.0,38.0
17,6.936076077490216,4.0,0.0,0.0,38.0
18,6.946076077490216,3.0,0.0,0.0,38.0
19,6.956076077490216,3.0,0.0,0.0,38.0
20,6.966076077490215,3.0,0.0,0.0,38.0
21,6.976076077490216,3.0,0.0,0.0,38.0
22,6.986076077490216,3.0,0.0,0.0,38.0
23,6.996076077490216,3.0,0.0,0.0,38.0
24,7.006076077490215,3.0,0.0,0.0,38.0
25,7.016076077490216,3.0,0.0,0.0,38.0
26,7.026076077490216,3.0,0.0,0.0,38.0
27,7.036076077490216,3.0,0.0,0.0,38.0
28,7.046076077490215,3.0,0.0,0.0,38.0
29,7.056076077490216,3.0,0.0,0.0,38.0
30,12.726076077490216,3.0,0.0,0.0,38.0
31,12.736076077490216,3.0,0.0,0.0,38.0
32,12.746076077490216,4.0,0.0,0.0,38.0
33,12.756076077490215,5.0,0.0,0.0,38.0
34,12.766076077490215,6.0,0.0,0.0,38.0
35,12.776076077490217,7.0,0.0,0.0,38.0
36,12.786076077490216,8.0,0.0,0.0,38.0
37,12.796076077490216,8.0,0.0,0.0,38.0
38,12.806076077490216,7.0,0.0,0.0,38.0
39,12.816076077490216,7.0,0.0,0.0,38.0
40,12.826076077490216,6.0,0.0,0.0,38.0
41,12.836076077490215,5.0,0.0,0.0,38.0
42,12.846076077490215,5.0,0.0,0.0,38.0
43,12.856076077490217,4.0,0.0,0.0,38.0
44,12.866076077490217,4.0,0.0,0.0,38.0
45,12.876076077490216,4.0,0.0,0.0,38.0
46,12.886076077490216,4.0,0.0,0.0,38.0
47,12.896076077490216,3.0,0.0,0.0,38.0
48,12.906076077490216,3.0,0.0,0.0,38.0
49,12.916076077490215,3.0,0.0,0.0,38.0
50,12.926076077490215,3.0,0.0,0.0,38.0
51,12.936076077490217,3.0,0.0,0.0,38.0
52,12.946076077490217,3.0,0.0,0.0,38.0
53,12.956076077490216,3.0,0.0,0.0,38.0
54,12.966076077490216,3.0,0.0,0.0,38.0
55,12.976076077490216,3.0,0.0,0.0,38.0
56,12.986076077490216,3.0,0.0,0.0,38.0
57,12.996076077490216,3.0,0.0,0.0,38.0
58,13.006076077490215,3.0,0.0,0.0,38.0
59,14.006076077490215,3.0,0.0,0.0,38.0
60,14.016076077490215,3.0,0.0,0.0,38.0
61,14.026076077490217,4.0,0.0,0.0,38.0
62,14.036076077490216,5.0,0.0,0.0,38.0
63,14.046076077490216,6.0,0.0,0.0,38.0
64,14.056076077490216,6.0,0.0,0.0,38.0
65,14.066076077490216,6.0,0.0,0.0,38.0
66,14.076076077490216,6.0,0.0,0.0,38.0
67,14.086076077490215,5.0,0.0,0.0,38.0
68,14.096076077490215,5.0,0.0,0.0,38.0
69,14.106076077490217,4.0,0.0,0.0,38.0
70,14.116076077490217,4.0,0.0,0.0,38.0
71,14.126076077490216,4.0,0.0,0.0,38.0
72,14.136076077490216,3.0,0.0,0.0,38.0
73,14.146076077490216,3.0,0.0,0.0,38.0
74,14.156076077490216,3.0,0.0,0.0,38.0
75,14.166076077490215,3.0,0.0,0.0,38.0
76,14.176076077490215,3.0,0.0,0.0,38.0
77,14.186076077490217,3.0,0.0,0.0,38.0
78,14.196076077490217,3.0,0.0,0.0,38.0
79,14.206076077490216,3.0,0.0,0.0,38.0
80,14.216076077490216,3.0,0.0,0.0,38.0
81,14.226076077490216,3.0,0.0,0.0,38.0
82,14.236076077490216,3.0,0.0,0.0,38.0
83,14.246076077490216,3.0,0.0,0.0,38.0
84,14.326076077490216,3.0,0.0,0.0,38.0
85,14.336076077490215,3.0,0.0,0.0,38.0
86,14.346076077490215,3.0,0.0,0.0,38.0
87,14.356076077490217,3.0,0.0,0.0,38.0
88,14.366076077490217,3.0,0.0,0.0,38.0
89,14.376076077490216,3.0,0.0,0.0,38.0
90,14.386076077490216,3.0,0.0,0.0,38.0
91,14.396076077490216,3.0,0.0,0.0,38.0
92,14.406076077490216,3.0,0.0,0.0,38.0
93,14.416076077490215,3.0,0.0,0.0,38.0
94,14.426076077490215,3.0,0.0,0.0,38.0
95,14.436076077490217,3.0,0.0,0.0,38.0
96,14.446076077490217,3.0,0.0,0.0,38.0
97,14.456076077490216,3.0,0.0,0.0,38.0
98,14.466076077490216,3.0,0.0,0.0,38.0
99,14.476076077490216,3.0,0.0,0.0,38.0
100,14.486076077490216,3.0,0.0,0.0,38.0
101,15.036076077490216,3.0,0.0,0.0,38.0
102,15.046076077490216,3.0,0.0,0.0,38.0
103,15.056076077490216,4.0,0.0,0.0,38.0
104,15.066076077490216,5.0,0.0,0.0,38.0
105,15.076076077490216,7.0,0.0,0.0,38.0
106,15.086076077490215,9.0,0.0542000000000065,0.0,38.0
107,15.096076077490215,255.0,0.7588000000000066,0.0,38.0
108,15.106076077490217,576.0,1.3333200000000065,0.0,38.0
109,15.116076077490217,844.0,1.8428000000000064,200.0,38.0
110,15.126076077490216,1200.0,2.330600000000008,300.0,38.0
111,15.136076077490216,1659.0,2.7533600000000065,400.0,38.0
112,15.146076077490216,2102.0,3.1110800000000074,600.0,360.0
113,15.156076077490216,2736.0,3.447120000000006,800.0,1004.0
114,15.166076077490215,3424.0,3.7398000000000073,1000.0,1810.0
115,15.176076077490215,3980.0,3.999960000000008,1300.0,2938.0
116,15.186076077490217,4427.0,4.238440000000008,1500.0,4066.0
117,15.196076077490217,4938.0,4.455240000000008,1700.0,5033.0
118,15.206076077490216,5551.0,4.650360000000008,1900.0,5839.0
119,15.216076077490216,6160.0,4.834640000000007,2100.0,6645.0
120,15.226076077490216,6712.0,4.997240000000008,2400.0,7128.0
121,15.236076077490216,7212.0,5.138160000000007,2600.0,8256.0
122,15.246076077490216,7675.0,5.268240000000008,2800.0,8739.0
123,15.256076077490215,7868.0,5.268240000000008,3000.0,9384.0
124,15.266076077490215,7743.0,5.224880000000008,3000.0,9867.0
125,15.276076077490217,7519.0,5.149000000000007,3000.0,10029.0
126,15.286076077490216,7269.0,5.062280000000007,2900.0,9867.0
127,15.296076077490216,6951.0,4.964720000000008,2800.0,9867.0
128,15.306076077490216,6655.0,4.878000000000007,2700.0,9545.0
129,15.316076077490216,6394.0,4.791280000000007,2600.0,9223.0
130,15.326076077490216,6124.0,4.726240000000008,2500.0,8901.0
131,15.336076077490215,5931.0,4.661200000000008,2300.0,8417.0
132,15.346076077490215,5743.0,4.607000000000007,2300.0,8095.0
133,15.356076077490217,5566.0,4.563640000000008,2200.0,7773.0
134,15.366076077490217,5447.0,4.531120000000008,2100.0,7773.0
135,15.376076077490216,5332.0,4.498600000000008,2100.0,7450.0
136,15.386076077490216,5249.0,4.476920000000008,2000.0,7289.0
137,15.396076077490216,5192.0,4.466080000000008,2000.0,7128.0
138,15.406076077490216,5171.0,4.455240000000008,2000.0,6806.0
139,15.416076077490215,5134.0,4.455240000000008,2000.0,6967.0
140,15.426076077490215,5150.0,4.455240000000008,2000.0,6645.0
141,15.436076077490217,5145.0,4.455240000000008,2000.0,6806.0
142,15.446076077490217,5150.0,4.455240000000008,2000.0,6806.0
143,15.456076077490216,5155.0,4.455240000000008,2000.0,6806.0
144,15.466076077490216,5160.0,4.455240000000008,2000.0,6806.0
145,15.476076077490216,5171.0,4.466080000000008,2000.0,6645.0
146,15.486076077490216,5212.0,4.476920000000008,2000.0,6806.0
147,15.496076077490216,5291.0,4.498600000000008,2000.0,6645.0
148,15.506076077490215,5353.0,4.520280000000008,2000.0,6645.0
149,15.516076077490215,5415.0,4.541960000000008,2000.0,6806.0
150,15.526076077490217,5488.0,4.563640000000008,2100.0,6806.0
151,15.536076077490216,5546.0,4.585320000000007,2100.0,6967.0
152,15.546076077490216,5608.0,4.596160000000007,2100.0,7289.0
153,15.556076077490216,5660.0,4.617840000000007,2100.0,7128.0
154,15.566076077490216,5707.0,4.628680000000007,2200.0,7128.0
155,15.576076077490216,5759.0,4.639520000000008,2200.0,7289.0
156,15.586076077490215,5770.0,4.650360000000008,2200.0,7289.0
157,15.596076077490215,5822.0,4.661200000000008,2200.0,7450.0
158,15.606076077490217,5868.0,4.672040000000008,2200.0,7289.0
159,15.616076077490217,5879.0,4.682880000000008,2200.0,7611.0
160,15.626076077490216,5936.0,4.693720000000008,2300.0,7611.0
161,15.636076077490216,5983.0,4.715400000000008,2300.0,7611.0
162,15.646076077490216,6019.0,4.726240000000008,2300.0,7773.0
163,15.656076077490216,6045.0,4.726240000000008,2300.0,7450.0
164,15.666076077490215,6082.0,4.747920000000008,2300.0,7773.0
165,15.676076077490215,6134.0,4.758760000000008,2300.0,7934.0
166,15.686076077490217,6150.0,4.758760000000008,2400.0,7934.0
167,15.696076077490217,6181.0,4.769600000000008,2400.0,7773.0
168,15.706076077490216,6191.0,4.769600000000008,2400.0,7934.0
169,15.716076077490216,6196.0,4.769600000000008,2400.0,7934.0
170,15.726076077490216,6196.0,4.769600000000008,2400.0,7934.0
171,15.736076077490216,6196.0,4.769600000000008,2400.0,8095.0
172,15.746076077490216,6196.0,4.769600000000008,2400.0,7934.0
173,15.756076077490215,6196.0,4.769600000000008,2400.0,7934.0
174,15.766076077490215,6196.0,4.769600000000008,2400.0,7934.0
175,15.776076077490217,6191.0,4.769600000000008,2400.0,7934.0
176,15.786076077490216,6196.0,4.769600000000008,2400.0,7934.0
177,15.796076077490216,6191.0,4.769600000000008,2400.0,7934.0
178,15.806076077490216,6191.0,4.769600000000008,2400.0,7934.0
179,15.816076077490216,6191.0,4.769600000000008,2400.0,8095.0
180,15.826076077490216,6191.0,4.769600000000008,2400.0,7934.0
181,15.836076077490215,6196.0,4.769600000000008,2400.0,8095.0
182,15.846076077490215,6191.0,4.769600000000008,2400.0,8095.0
183,15.856076077490217,6191.0,4.769600000000008,2400.0,8095.0
184,15.866076077490217,6191.0,4.769600000000008,2400.0,7934.0
185,15.876076077490216,6196.0,4.769600000000008,2400.0,8095.0
186,15.886076077490216,6196.0,4.769600000000008,2400.0,8095.0
187,15.896076077490216,6196.0,4.769600000000008,2400.0,8095.0
188,15.906076077490216,6196.0,4.769600000000008,2400.0,8095.0
189,15.916076077490215,6196.0,4.769600000000008,2400.0,8095.0
190,15.926076077490215,6186.0,4.769600000000008,2400.0,8095.0
191,15.936076077490217,6165.0,4.758760000000008,2400.0,7934.0
192,15.946076077490217,6098.0,4.726240000000008,2400.0,7934.0
193,15.956076077490216,5993.0,4.693720000000008,2300.0,7934.0
194,15.966076077490216,5889.0,4.672040000000008,2300.0,7773.0
195,15.976076077490216,5806.0,4.639520000000008,2300.0,7773.0
196,15.986076077490216,5728.0,4.628680000000007,2200.0,7611.0
197,15.996076077490216,5686.0,4.617840000000007,2200.0,7450.0
198,16.006076077490217,5691.0,4.617840000000007,2200.0,7289.0
199,16.016076077490215,5697.0,4.617840000000007,2200.0,7128.0
200,16.026076077490217,5702.0,4.617840000000007,2200.0,7289.0
201,16.036076077490215,5717.0,4.628680000000007,2200.0,7289.0
202,16.046076077490216,5790.0,4.661200000000008,2200.0,7289.0
203,16.056076077490214,5868.0,4.682880000000008,2200.0,7289.0
204,16.066076077490216,5936.0,4.704560000000008,2200.0,7450.0
205,16.076076077490217,6009.0,4.726240000000008,2300.0,7611.0
206,16.086076077490215,6066.0,4.737080000000008,2300.0,7611.0
207,16.096076077490217,6129.0,4.758760000000008,2300.0,7773.0
208,16.106076077490215,6160.0,4.769600000000008,2400.0,7773.0
209,16.116076077490217,6202.0,4.769600000000008,2400.0,7934.0
210,16.126076077490215,6212.0,4.791280000000007,2400.0,7934.0
211,16.136076077490216,6254.0,4.791280000000007,2400.0,7934.0
212,16.146076077490214,6254.0,4.791280000000007,2400.0,7934.0
213,16.156076077490216,6259.0,4.791280000000007,2400.0,8095.0
214,16.166076077490217,6254.0,4.791280000000007,2400.0,8095.0
215,16.176076077490215,6254.0,4.791280000000007,2400.0,8095.0
216,16.186076077490217,6254.0,4.791280000000007,2400.0,8095.0
217,16.196076077490215,6238.0,4.780440000000007,2400.0,7934.0
218,16.206076077490216,6228.0,4.780440000000007,2400.0,8095.0
219,16.216076077490214,6139.0,4.737080000000008,2400.0,8095.0
220,16.226076077490216,6004.0,4.704560000000008,2400.0,8095.0
221,16.236076077490218,5894.0,4.661200000000008,2300.0,7934.0
222,16.246076077490216,5780.0,4.628680000000007,2300.0,7773.0
223,16.256076077490217,5686.0,4.607000000000007,2200.0,7450.0
224,16.266076077490215,5592.0,4.574480000000007,2200.0,7289.0
225,16.276076077490217,5520.0,4.552800000000008,2100.0,7289.0
226,16.286076077490215,5421.0,4.520280000000008,2100.0,7128.0
227,16.296076077490216,5275.0,4.476920000000008,2100.0,7128.0
228,16.306076077490214,5114.0,4.411880000000007,2000.0,7128.0
229,16.316076077490216,4925.0,4.346840000000007,2000.0,6806.0
230,16.326076077490217,4800.0,4.270960000000008,1900.0,6645.0
231,16.336076077490215,4533.0,4.086680000000007,1800.0,6322.0
232,16.346076077490217,3993.0,3.761480000000008,1700.0,5839.0
233,16.356076077490215,3228.0,3.284520000000008,1500.0,5033.0
234,16.366076077490217,2157.0,2.699160000000008,1200.0,4066.0
235,16.376076077490215,1430.0,2.048760000000008,800.0,2777.0
236,16.386076077490216,859.0,1.4200400000000075,500.0,1166.0
237,16.396076077490214,540.0,0.8021600000000064,300.0,38.0
238,16.406076077490216,265.0,0.2384800000000065,200.0,38.0
239,16.416076077490217,9.0,0.0,100.0,38.0
240,16.426076077490215,8.0,0.0,0.0,38.0
241,16.436076077490217,7.0,0.0,0.0,38.0
242,16.446076077490215,6.0,0.0,0.0,38.0
243,16.456076077490216,6.0,0.0,0.0,38.0
244,16.466076077490214,5.0,0.0,0.0,38.0
245,16.476076077490216,5.0,0.0,0.0,38.0
246,16.486076077490218,4.0,0.0,0.0,38.0
247,16.496076077490216,4.0,0.0,0.0,38.0
248,16.506076077490217,4.0,0.0,0.0,38.0
249,16.516076077490215,3.0,0.0,0.0,38.0
250,16.526076077490217,3.0,0.0,0.0,38.0
251,16.536076077490215,3.0,0.0,0.0,38.0
252,16.546076077490216,3.0,0.0,0.0,38.0
253,16.556076077490214,3.0,0.0,0.0,38.0
254,16.566076077490216,3.0,0.0,0.0,38.0
255,16.576076077490217,3.0,0.0,0.0,38.0
256,16.586076077490215,3.0,0.0,0.0,38.0
257,16.596076077490217,3.0,0.0,0.0,38.0
258,16.606076077490215,3.0,0.0,0.0,38.0
259,16.616076077490217,3.0,0.0,0.0,38.0
260,16.626076077490215,3.0,0.0,0.0,38.0
261,16.636076077490216,3.0,0.0,0.0,38.0
262,16.646076077490214,3.0,0.0,0.0,38.0
263,16.656076077490216,3.0,0.0,0.0,38.0
264,16.666076077490217,3.0,0.0,0.0,38.0
265,16.676076077490215,3.0,0.0,0.0,38.0
266,16.686076077490217,3.0,0.0,0.0,38.0
267,16.696076077490215,3.0,0.0,0.0,38.0
268,16.706076077490216,3.0,0.0,0.0,38.0
269,16.716076077490214,3.0,0.0,0.0,38.0
270,16.726076077490216,3.0,0.0,0.0,38.0
271,16.736076077490218,3.0,0.0,0.0,38.0
272,16.746076077490216,3.0,0.0,0.0,38.0
273,16.756076077490217,3.0,0.0,0.0,38.0
274,16.766076077490215,3.0,0.0,0.0,38.0
275,16.776076077490217,3.0,0.0,0.0,38.0
276,16.786076077490215,3.0,0.0,0.0,38.0
277,16.796076077490216,3.0,0.0,0.0,38.0
278,16.806076077490214,3.0,0.0,0.0,38.0
279,16.816076077490216,3.0,0.0,0.0,38.0
280,16.826076077490217,3.0,0.0,0.0,38.0
281,16.836076077490215,3.0,0.0,0.0,38.0
282,16.846076077490217,3.0,0.0,0.0,38.0
283,16.856076077490215,3.0,0.0,0.0,38.0
284,16.866076077490217,3.0,0.0,0.0,38.0
285,16.876076077490215,3.0,0.0,0.0,38.0
286,16.886076077490216,3.0,0.0,0.0,38.0
287,16.896076077490214,3.0,0.0,0.0,38.0
288,16.906076077490216,3.0,0.0,0.0,38.0
289,16.916076077490217,3.0,0.0,0.0,38.0
290,16.926076077490215,3.0,0.0,0.0,38.0
291,16.936076077490217,3.0,0.0,0.0,38.0
292,16.946076077490215,3.0,0.0,0.0,38.0
293,16.956076077490216,3.0,0.0,0.0,38.0
294,16.966076077490214,3.0,0.0,0.0,38.0
295,16.976076077490216,3.0,0.0,0.0,38.0
296,16.986076077490218,3.0,0.0,0.0,38.0
297,16.996076077490216,3.0,0.0,0.0,38.0
298,17.006076077490217,3.0,0.0,0.0,38.0
299,17.016076077490215,3.0,0.0,0.0,38.0
300,17.026076077490217,3.0,0.0,0.0,38.0
301,17.036076077490215,3.0,0.0,0.0,38.0
302,17.046076077490216,3.0,0.0,0.0,38.0
303,17.056076077490214,3.0,0.0,0.0,38.0
304,17.066076077490216,3.0,0.0,0.0,38.0
305,17.076076077490217,3.0,0.0,0.0,38.0
306,17.086076077490215,3.0,0.0,0.0,38.0
307,17.096076077490217,3.0,0.0,0.0,38.0
308,17.106076077490215,3.0,0.0,0.0,38.0
309,17.116076077490217,3.0,0.0,0.0,38.0
310,17.126076077490215,3.0,0.0,0.0,38.0
311,17.136076077490216,3.0,0.0,0.0,38.0
312,17.146076077490218,3.0,0.0,0.0,38.0
313,17.156076077490216,3.0,0.0,0.0,38.0
314,17.166076077490217,3.0,0.0,0.0,38.0
315,17.176076077490215,3.0,0.0,0.0,38.0
316,17.186076077490217,3.0,0.0,0.0,38.0
317,17.196076077490215,3.0,0.0,0.0,38.0
318,17.206076077490216,3.0,0.0,0.0,38.0
319,17.216076077490214,3.0,0.0,0.0,38.0
320,17.226076077490216,3.0,0.0,0.0,38.0
321,17.236076077490218,3.0,0.0,0.0,38.0
322,17.246076077490216,3.0,0.0,0.0,38.0
323,17.256076077490217,3.0,0.0,0.0,38.0
324,17.266076077490215,3.0,0.0,0.0,38.0
325,17.276076077490217,3.0,0.0,0.0,38.0
326,17.286076077490215,3.0,0.0,0.0,38.0
327,17.296076077490216,3.0,0.0,0.0,38.0
328,17.306076077490214,3.0,0.0,0.0,38.0
329,17.316076077490216,3.0,0.0,0.0,38.0
330,17.326076077490217,3.0,0.0,0.0,38.0
331,17.336076077490215,3.0,0.0,0.0,38.0
332,17.346076077490217,3.0,0.0,0.0,38.0
333,17.356076077490215,3.0,0.0,0.0,38.0
334,17.366076077490217,3.0,0.0,0.0,38.0
335,17.376076077490215,3.0,0.0,0.0,38.0
336,17.386076077490216,3.0,0.0,0.0,38.0
337,17.396076077490218,3.0,0.0,0.0,38.0
338,17.406076077490216,3.0,0.0,0.0,38.0
339,17.416076077490217,3.0,0.0,0.0,38.0
340,17.426076077490215,3.0,0.0,0.0,38.0
341,17.436076077490217,3.0,0.0,0.0,38.0
342,17.446076077490215,3.0,0.0,0.0,38.0
343,17.456076077490216,3.0,0.0,0.0,38.0
344,17.466076077490214,3.0,0.0,0.0,38.0
345,17.476076077490216,3.0,0.0,0.0,38.0
346,17.486076077490218,3.0,0.0,0.0,38.0
347,17.496076077490216,3.0,0.0,0.0,38.0
348,17.506076077490217,3.0,0.0,0.0,38.0
349,17.516076077490215,3.0,0.0,0.0,38.0
350,17.526076077490217,3.0,0.0,0.0,38.0
351,17.536076077490215,3.0,0.0,0.0,38.0
352,17.546076077490216,3.0,0.0,0.0,38.0
353,17.556076077490214,3.0,0.0,0.0,38.0
354,17.566076077490216,3.0,0.0,0.0,38.0
355,17.576076077490217,3.0,0.0,0.0,38.0
356,17.586076077490215,3.0,0.0,0.0,38.0
357,17.596076077490217,3.0,0.0,0.0,38.0
358,17.606076077490215,3.0,0.0,0.0,38.0
359,17.616076077490217,3.0,0.0,0.0,38.0
360,17.626076077490215,3.0,0.0,0.0,38.0
361,17.636076077490216,3.0,0.0,0.0,38.0
362,17.646076077490218,3.0,0.0,0.0,38.0
363,17.656076077490216,3.0,0.0,0.0,38.0
364,17.666076077490217,3.0,0.0,0.0,38.0
365,17.676076077490215,3.0,0.0,0.0,38.0
366,17.686076077490217,3.0,0.0,0.0,38.0
367,17.696076077490215,3.0,0.0,0.0,38.0
368,17.706076077490216,3.0,0.0,0.0,38.0
369,17.716076077490214,3.0,0.0,0.0,38.0
370,17.726076077490216,3.0,0.0,0.0,38.0
371,17.736076077490218,3.0,0.0,0.0,38.0
372,17.746076077490216,3.0,0.0,0.0,38.0
373,17.756076077490217,3.0,0.0,0.0,38.0
374,17.766076077490215,3.0,0.0,0.0,38.0
375,17.776076077490217,3.0,0.0,0.0,38.0
376,17.786076077490215,3.0,0.0,0.0,38.0
377,17.796076077490216,3.0,0.0,0.0,38.0
378,17.806076077490214,3.0,0.0,0.0,38.0
379,17.816076077490216,3.0,0.0,0.0,38.0
380,17.826076077490217,3.0,0.0,0.0,38.0
381,17.836076077490215,3.0,0.0,0.0,38.0
382,17.846076077490217,3.0,0.0,0.0,38.0
383,17.856076077490215,3.0,0.0,0.0,38.0
384,17.866076077490217,3.0,0.0,0.0,38.0
385,17.876076077490215,3.0,0.0,0.0,38.0
386,17.886076077490216,3.0,0.0,0.0,38.0
387,17.896076077490218,3.0,0.0,0.0,38.0
388,17.906076077490216,3.0,0.0,0.0,38.0
389,17.916076077490217,3.0,0.0,0.0,38.0
390,17.926076077490215,3.0,0.0,0.0,38.0
391,17.936076077490217,3.0,0.0,0.0,38.0
392,17.946076077490215,3.0,0.0,0.0,38.0
393,17.956076077490216,3.0,0.0,0.0,38.0
394,17.966076077490214,3.0,0.0,0.0,38.0
395,17.976076077490216,3.0,0.0,0.0,38.0
396,17.986076077490218,3.0,0.0,0.0,38.0
397,17.996076077490216,3.0,0.0,0.0,38.0
398,18.006076077490217,3.0,0.0,0.0,38.0
399,18.01607607749021,3.0,0.0,0.0,38.0
400,18.026076077490217,3.0,0.0,0.0,38.0
401,18.03607607749021,3.0,0.0,0.0,38.0
402,18.046076077490216,3.0,0.0,0.0,38.0
403,18.05607607749021,3.0,0.0,0.0,38.0
404,18.066076077490216,3.0,0.0,0.0,38.0
405,18.076076077490217,3.0,0.0,0.0,38.0
406,18.08607607749021,3.0,0.0,0.0,38.0
407,18.096076077490217,3.0,0.0,0.0,38.0
408,18.10607607749021,3.0,0.0,0.0,38.0
409,18.116076077490217,3.0,0.0,0.0,38.0
410,18.12607607749021,3.0,0.0,0.0,38.0
411,18.136076077490216,3.0,0.0,0.0,38.0
412,18.146076077490218,3.0,0.0,0.0,38.0
413,18.156076077490216,3.0,0.0,0.0,38.0
414,18.166076077490217,3.0,0.0,0.0,38.0
415,18.17607607749021,3.0,0.0,0.0,38.0
416,18.186076077490217,3.0,0.0,0.0,38.0
417,18.19607607749021,3.0,0.0,0.0,38.0
418,18.206076077490216,3.0,0.0,0.0,38.0
419,18.21607607749021,3.0,0.0,0.0,38.0
420,18.226076077490216,3.0,0.0,0.0,38.0
421,18.236076077490218,3.0,0.0,0.0,38.0
422,18.246076077490216,3.0,0.0,0.0,38.0
423,18.256076077490217,3.0,0.0,0.0,38.0
424,18.26607607749021,3.0,0.0,0.0,38.0
425,18.276076077490217,3.0,0.0,0.0,38.0
426,18.28607607749021,3.0,0.0,0.0,38.0
427,18.296076077490216,3.0,0.0,0.0,38.0
428,18.30607607749021,3.0,0.0,0.0,38.0
429,18.316076077490216,3.0,0.0,0.0,38.0
430,18.326076077490217,3.0,0.0,0.0,38.0
431,18.33607607749021,3.0,0.0,0.0,38.0
432,18.346076077490217,3.0,0.0,0.0,38.0
433,18.35607607749021,3.0,0.0,0.0,38.0
434,18.366076077490217,3.0,0.0,0.0,38.0
435,18.37607607749021,3.0,0.0,0.0,38.0
436,18.386076077490216,3.0,0.0,0.0,38.0
437,18.396076077490218,3.0,0.0,0.0,38.0
438,18.406076077490216,3.0,0.0,0.0,38.0
439,18.416076077490217,3.0,0.0,0.0,38.0
440,18.42607607749021,3.0,0.0,0.0,38.0
441,18.436076077490217,3.0,0.0,0.0,38.0
442,18.44607607749021,3.0,0.0,0.0,38.0
443,18.456076077490216,3.0,0.0,0.0,38.0
444,18.46607607749021,3.0,0.0,0.0,38.0
445,18.476076077490216,3.0,0.0,0.0,38.0
446,18.486076077490218,3.0,0.0,0.0,38.0
447,18.496076077490216,3.0,0.0,0.0,38.0
448,18.506076077490217,3.0,0.0,0.0,38.0
449,18.51607607749021,3.0,0.0,0.0,38.0
450,18.526076077490217,3.0,0.0,0.0,38.0
451,18.53607607749021,3.0,0.0,0.0,38.0
452,18.546076077490216,3.0,0.0,0.0,38.0
453,18.55607607749021,3.0,0.0,0.0,38.0
454,18.566076077490216,3.0,0.0,0.0,38.0
455,18.576076077490217,3.0,0.0,0.0,38.0
456,18.58607607749021,3.0,0.0,0.0,38.0
457,18.596076077490217,3.0,0.0,0.0,38.0
458,18.60607607749021,3.0,0.0,0.0,38.0
459,18.616076077490217,3.0,0.0,0.0,38.0
460,18.62607607749021,3.0,0.0,0.0,38.0
461,18.636076077490216,3.0,0.0,0.0,38.0
462,18.646076077490218,3.0,0.0,0.0,38.0
463,18.656076077490216,3.0,0.0,0.0,38.0
464,18.666076077490217,3.0,0.0,0.0,38.0
465,18.67607607749021,3.0,0.0,0.0,38.0
466,18.686076077490217,3.0,0.0,0.0,38.0
467,18.69607607749021,3.0,0.0,0.0,38.0
468,18.706076077490216,3.0,0.0,0.0,38.0
469,18.71607607749021,3.0,0.0,0.0,38.0
470,18.726076077490216,3.0,0.0,0.0,38.0
471,18.736076077490218,3.0,0.0,0.0,38.0
472,18.746076077490216,3.0,0.0,0.0,38.0
473,18.756076077490217,3.0,0.0,0.0,38.0
474,18.76607607749021,3.0,0.0,0.0,38.0
475,18.776076077490217,3.0,0.0,0.0,38.0
476,18.78607607749021,3.0,0.0,0.0,38.0
477,18.796076077490216,3.0,0.0,0.0,38.0
478,18.80607607749021,3.0,0.0,0.0,38.0
479,18.816076077490216,3.0,0.0,0.0,38.0
480,18.826076077490217,3.0,0.0,0.0,38.0
481,18.83607607749021,3.0,0.0,0.0,38.0
482,18.846076077490217,3.0,0.0,0.0,38.0
483,18.85607607749021,3.0,0.0,0.0,38.0
484,18.866076077490217,3.0,0.0,0.0,38.0
485,18.87607607749021,3.0,0.0,0.0,38.0
486,18.886076077490216,3.0,0.0,0.0,38.0
487,18.896076077490218,3.0,0.0,0.0,38.0
488,18.906076077490216,3.0,0.0,0.0,38.0
489,18.916076077490217,3.0,0.0,0.0,38.0
490,18.92607607749021,3.0,0.0,0.0,38.0
491,18.936076077490217,3.0,0.0,0.0,38.0
492,18.94607607749021,3.0,0.0,0.0,38.0
493,18.956076077490216,3.0,0.0,0.0,38.0
494,18.96607607749021,3.0,0.0,0.0,38.0
495,18.976076077490216,3.0,0.0,0.0,38.0
496,18.986076077490218,3.0,0.0,0.0,38.0
497,18.996076077490216,3.0,0.0,0.0,38.0
498,19.006076077490217,3.0,0.0,0.0,38.0
499,19.01607607749021,3.0,0.0,0.0,38.0
500,19.026076077490217,3.0,0.0,0.0,38.0
501,19.03607607749021,3.0,0.0,0.0,38.0
502,19.046076077490216,3.0,0.0,0.0,38.0
503,19.05607607749021,3.0,0.0,0.0,38.0
504,19.066076077490216,3.0,0.0,0.0,38.0
505,19.076076077490217,3.0,0.0,0.0,38.0
506,19.08607607749021,3.0,0.0,0.0,38.0
507,19.096076077490217,3.0,0.0,0.0,38.0
508,19.10607607749021,3.0,0.0,0.0,38.0
509,19.116076077490217,3.0,0.0,0.0,38.0
510,19.12607607749021,3.0,0.0,0.0,38.0
511,19.136076077490216,3.0,0.0,0.0,38.0
512,19.146076077490218,3.0,0.0,0.0,38.0
513,19.156076077490216,3.0,0.0,0.0,38.0
514,19.166076077490217,3.0,0.0,0.0,38.0
515,19.17607607749021,3.0,0.0,0.0,38.0
516,19.186076077490217,3.0,0.0,0.0,38.0
517,19.19607607749021,3.0,0.0,0.0,38.0
518,19.206076077490216,3.0,0.0,0.0,38.0
519,19.21607607749021,3.0,0.0,0.0,38.0
520,19.226076077490216,3.0,0.0,0.0,38.0
521,19.236076077490218,3.0,0.0,0.0,38.0
522,19.246076077490216,3.0,0.0,0.0,38.0
523,19.256076077490217,3.0,0.0,0.0,38.0
524,19.26607607749021,3.0,0.0,0.0,38.0
525,19.276076077490217,3.0,0.0,0.0,38.0
526,19.28607607749021,3.0,0.0,0.0,38.0
527,19.296076077490216,3.0,0.0,0.0,38.0
528,19.30607607749021,3.0,0.0,0.0,38.0
529,19.316076077490216,3.0,0.0,0.0,38.0
530,19.326076077490217,3.0,0.0,0.0,38.0
531,19.33607607749021,3.0,0.0,0.0,38.0
532,19.346076077490217,3.0,0.0,0.0,38.0
533,19.35607607749021,3.0,0.0,0.0,38.0
534,19.366076077490217,3.0,0.0,0.0,38.0
535,19.37607607749021,3.0,0.0,0.0,38.0
536,19.386076077490216,3.0,0.0,0.0,38.0
537,19.396076077490218,3.0,0.0,0.0,38.0
538,19.406076077490216,3.0,0.0,0.0,38.0
539,19.416076077490217,3.0,0.0,0.0,38.0
540,19.42607607749021,3.0,0.0,0.0,38.0
541,19.436076077490217,3.0,0.0,0.0,38.0
542,19.44607607749021,3.0,0.0,0.0,38.0
543,19.456076077490216,3.0,0.0,0.0,38.0
544,19.46607607749021,3.0,0.0,0.0,38.0
545,19.476076077490216,3.0,0.0,0.0,38.0
546,19.486076077490218,3.0,0.0,0.0,38.0
547,19.496076077490216,3.0,0.0,0.0,38.0
548,19.506076077490217,3.0,0.0,0.0,38.0
549,19.51607607749021,3.0,0.0,0.0,38.0
550,19.526076077490217,3.0,0.0,0.0,38.0
551,19.53607607749021,3.0,0.0,0.0,38.0
552,19.546076077490216,3.0,0.0,0.0,38.0
553,19.55607607749021,3.0,0.0,0.0,38.0
554,19.566076077490216,3.0,0.0,0.0,38.0
555,19.576076077490217,3.0,0.0,0.0,38.0
556,19.58607607749021,3.0,0.0,0.0,38.0
557,19.596076077490217,3.0,0.0,0.0,38.0
558,19.60607607749021,3.0,0.0,0.0,38.0
559,19.616076077490217,3.0,0.0,0.0,38.0
560,19.62607607749021,3.0,0.0,0.0,38.0
561,19.636076077490216,3.0,0.0,0.0,38.0
562,19.646076077490218,3.0,0.0,0.0,38.0
563,19.656076077490216,3.0,0.0,0.0,38.0
564,19.666076077490217,3.0,0.0,0.0,38.0
565,19.67607607749021,3.0,0.0,0.0,38.0
566,19.686076077490217,3.0,0.0,0.0,38.0
567,19.69607607749021,3.0,0.0,0.0,38.0
568,19.706076077490216,3.0,0.0,0.0,38.0
569,19.71607607749021,3.0,0.0,0.0,38.0
570,19.726076077490216,3.0,0.0,0.0,38.0
571,19.736076077490218,3.0,0.0,0.0,38.0
572,19.746076077490216,3.0,0.0,0.0,38.0
573,19.756076077490217,3.0,0.0,0.0,38.0
574,19.76607607749021,3.0,0.0,0.0,38.0
575,19.776076077490217,3.0,0.0,0.0,38.0
576,19.78607607749021,3.0,0.0,0.0,38.0
577,19.796076077490216,3.0,0.0,0.0,38.0
578,19.80607607749021,3.0,0.0,0.0,38.0
579,19.816076077490216,3.0,0.0,0.0,38.0
580,19.826076077490217,3.0,0.0,0.0,38.0
581,19.83607607749021,3.0,0.0,0.0,38.0
582,19.846076077490217,3.0,0.0,0.0,38.0
583,19.85607607749021,3.0,0.0,0.0,38.0
584,19.866076077490217,3.0,0.0,0.0,38.0
585,19.87607607749021,3.0,0.0,0.0,38.0
586,19.886076077490216,3.0,0.0,0.0,38.0
587,19.896076077490218,3.0,0.0,0.0,38.0
588,19.906076077490216,3.0,0.0,0.0,38.0
589,19.916076077490217,3.0,0.0,0.0,38.0
590,19.92607607749021,3.0,0.0,0.0,38.0
591,19.936076077490217,3.0,0.0,0.0,38.0
592,19.94607607749021,3.0,0.0,0.0,38.0
593,19.956076077490216,3.0,0.0,0.0,38.0
594,19.96607607749021,3.0,0.0,0.0,38.0
595,19.976076077490216,3.0,0.0,0.0,38.0
596,19.986076077490218,3.0,0.0,0.0,38.0
597,19.996076077490216,3.0,0.0,0.0,38.0
598,20.006076077490217,3.0,0.0,0.0,38.0
599,20.01607607749021,3.0,0.0,0.0,38.0
600,20.026076077490217,3.0,0.0,0.0,38.0
601,20.03607607749021,3.0,0.0,0.0,38.0
602,20.046076077490216,3.0,0.0,0.0,38.0
603,20.05607607749021,3.0,0.0,0.0,38.0
604,20.066076077490216,3.0,0.0,0.0,38.0
605,20.076076077490217,3.0,0.0,0.0,38.0
606,20.08607607749021,3.0,0.0,0.0,38.0
607,20.096076077490217,3.0,0.0,0.0,38.0
608,20.10607607749021,3.0,0.0,0.0,38.0
609,20.116076077490217,3.0,0.0,0.0,38.0
610,20.12607607749021,3.0,0.0,0.0,38.0
611,20.136076077490216,3.0,0.0,0.0,38.0
612,20.146076077490218,3.0,0.0,0.0,38.0
613,20.156076077490216,3.0,0.0,0.0,38.0
614,20.166076077490217,3.0,0.0,0.0,38.0
615,20.17607607749021,3.0,0.0,0.0,38.0
616,20.186076077490217,3.0,0.0,0.0,38.0
617,20.19607607749021,3.0,0.0,0.0,38.0
618,20.206076077490216,3.0,0.0,0.0,38.0
619,20.21607607749021,3.0,0.0,0.0,38.0
620,20.226076077490216,3.0,0.0,0.0,38.0
621,20.236076077490218,3.0,0.0,0.0,38.0
622,20.246076077490216,3.0,0.0,0.0,38.0
623,20.256076077490217,3.0,0.0,0.0,38.0
624,20.26607607749021,3.0,0.0,0.0,38.0
625,20.276076077490217,3.0,0.0,0.0,38.0
626,20.28607607749021,3.0,0.0,0.0,38.0
627,20.296076077490216,3.0,0.0,0.0,38.0
628,20.30607607749021,3.0,0.0,0.0,38.0
629,20.316076077490216,3.0,0.0,0.0,38.0
630,20.326076077490217,3.0,0.0,0.0,38.0
631,20.33607607749021,3.0,0.0,0.0,38.0
632,20.346076077490217,3.0,0.0,0.0,38.0
633,20.35607607749021,3.0,0.0,0.0,38.0
634,20.366076077490217,3.0,0.0,0.0,38.0
635,20.37607607749021,3.0,0.0,0.0,38.0
636,20.386076077490216,3.0,0.0,0.0,38.0
637,20.396076077490218,3.0,0.0,0.0,38.0
638,20.406076077490216,3.0,0.0,0.0,38.0
639,20.416076077490217,3.0,0.0,0.0,38.0
640,20.42607607749021,3.0,0.0,0.0,38.0
641,20.436076077490217,3.0,0.0,0.0,38.0
642,20.44607607749021,3.0,0.0,0.0,38.0
643,20.456076077490216,3.0,0.0,0.0,38.0
644,20.46607607749021,3.0,0.0,0.0,38.0
645,20.476076077490216,3.0,0.0,0.0,38.0
646,20.486076077490218,3.0,0.0,0.0,38.0
647,20.496076077490216,3.0,0.0,0.0,38.0
648,20.506076077490217,3.0,0.0,0.0,38.0
649,20.51607607749021,3.0,0.0,0.0,38.0
650,20.526076077490217,3.0,0.0,0.0,38.0
651,20.53607607749021,3.0,0.0,0.0,38.0
652,20.546076077490216,3.0,0.0,0.0,38.0
653,20.55607607749021,3.0,0.0,0.0,38.0
654,20.566076077490216,3.0,0.0,0.0,38.0
655,20.576076077490217,3.0,0.0,0.0,38.0
656,20.58607607749021,3.0,0.0,0.0,38.0
657,20.596076077490217,3.0,0.0,0.0,38.0
658,20.60607607749021,3.0,0.0,0.0,38.0
659,20.616076077490217,3.0,0.0,0.0,38.0
660,20.62607607749021,3.0,0.0,0.0,38.0
661,20.636076077490216,3.0,0.0,0.0,38.0
662,20.646076077490218,3.0,0.0,0.0,38.0
663,20.656076077490216,3.0,0.0,0.0,38.0
664,20.666076077490217,3.0,0.0,0.0,38.0
665,20.67607607749021,3.0,0.0,0.0,38.0
666,20.686076077490217,3.0,0.0,0.0,38.0
667,20.69607607749021,3.0,0.0,0.0,38.0
668,20.706076077490216,3.0,0.0,0.0,38.0
669,20.71607607749021,3.0,0.0,0.0,38.0
670,20.726076077490216,3.0,0.0,0.0,38.0
671,20.736076077490218,3.0,0.0,0.0,38.0
672,20.746076077490216,3.0,0.0,0.0,38.0
673,20.756076077490217,3.0,0.0,0.0,38.0
674,20.76607607749021,3.0,0.0,0.0,38.0
675,20.776076077490217,3.0,0.0,0.0,38.0
676,20.78607607749021,3.0,0.0,0.0,38.0
677,20.796076077490216,3.0,0.0,0.0,38.0
678,20.80607607749021,3.0,0.0,0.0,38.0
679,20.816076077490216,3.0,0.0,0.0,38.0
680,20.826076077490217,3.0,0.0,0.0,38.0
681,20.83607607749021,3.0,0.0,0.0,38.0
682,20.846076077490217,3.0,0.0,0.0,38.0
683,20.85607607749021,3.0,0.0,0.0,38.0
684,20.866076077490217,3.0,0.0,0.0,38.0
685,20.87607607749021,3.0,0.0,0.0,38.0
686,20.886076077490216,3.0,0.0,0.0,38.0
687,20.896076077490218,3.0,0.0,0.0,38.0
688,20.906076077490216,3.0,0.0,0.0,38.0
689,20.916076077490217,3.0,0.0,0.0,38.0
690,20.92607607749021,3.0,0.0,0.0,38.0
691,20.936076077490217,3.0,0.0,0.0,38.0
692,20.94607607749021,3.0,0.0,0.0,38.0
693,20.956076077490216,3.0,0.0,0.0,38.0
694,20.96607607749021,3.0,0.0,0.0,38.0
695,20.976076077490216,3.0,0.0,0.0,38.0
696,20.986076077490218,3.0,0.0,0.0,38.0
697,20.996076077490216,3.0,0.0,0.0,38.0
698,21.006076077490217,3.0,0.0,0.0,38.0
699,21.01607607749021,3.0,0.0,0.0,38.0
700,21.026076077490217,3.0,0.0,0.0,38.0
701,21.03607607749021,3.0,0.0,0.0,38.0
702,21.046076077490216,3.0,0.0,0.0,38.0
703,21.05607607749021,3.0,0.0,0.0,38.0
704,21.066076077490216,3.0,0.0,0.0,38.0
705,21.076076077490217,3.0,0.0,0.0,38.0
706,21.08607607749021,3.0,0.0,0.0,38.0
707,21.096076077490217,3.0,0.0,0.0,38.0
708,21.10607607749021,3.0,0.0,0.0,38.0
709,21.116076077490217,3.0,0.0,0.0,38.0
710,21.12607607749021,3.0,0.0,0.0,38.0
711,21.136076077490216,3.0,0.0,0.0,38.0
712,21.146076077490218,3.0,0.0,0.0,38.0
713,21.156076077490216,3.0,0.0,0.0,38.0
714,21.166076077490217,3.0,0.0,0.0,38.0
715,21.17607607749021,3.0,0.0,0.0,38.0
716,21.186076077490217,3.0,0.0,0.0,38.0
717,21.19607607749021,3.0,0.0,0.0,38.0
718,21.206076077490216,3.0,0.0,0.0,38.0
719,21.21607607749021,3.0,0.0,0.0,38.0
720,21.226076077490216,3.0,0.0,0.0,38.0
721,21.236076077490218,3.0,0.0,0.0,38.0
722,21.246076077490216,3.0,0.0,0.0,38.0
723,21.256076077490217,3.0,0.0,0.0,38.0
724,21.26607607749021,3.0,0.0,0.0,38.0
725,21.276076077490217,3.0,0.0,0.0,38.0
726,21.28607607749021,3.0,0.0,0.0,38.0
727,21.296076077490216,3.0,0.0,0.0,38.0
728,21.30607607749021,3.0,0.0,0.0,38.0
729,21.316076077490216,3.0,0.0,0.0,38.0
730,21.326076077490217,3.0,0.0,0.0,38.0
731,21.33607607749021,3.0,0.0,0.0,38.0
732,21.346076077490217,3.0,0.0,0.0,38.0
733,21.35607607749021,3.0,0.0,0.0,38.0
734,21.366076077490217,3.0,0.0,0.0,38.0
735,21.37607607749021,3.0,0.0,0.0,38.0
736,21.386076077490216,3.0,0.0,0.0,38.0
737,21.396076077490218,3.0,0.0,0.0,38.0
738,21.406076077490216,3.0,0.0,0.0,38.0
739,21.416076077490217,3.0,0.0,0.0,38.0
740,21.42607607749021,3.0,0.0,0.0,38.0
741,21.436076077490217,3.0,0.0,0.0,38.0
742,21.44607607749021,3.0,0.0,0.0,38.0
743,21.456076077490216,3.0,0.0,0.0,38.0
744,21.46607607749021,3.0,0.0,0.0,38.0
745,21.476076077490216,3.0,0.0,0.0,38.0
746,21.486076077490218,3.0,0.0,0.0,38.0
747,21.496076077490216,3.0,0.0,0.0,38.0
748,21.506076077490217,3.0,0.0,0.0,38.0
749,21.51607607749021,3.0,0.0,0.0,38.0
750,21.526076077490217,3.0,0.0,0.0,38.0
751,21.53607607749021,3.0,0.0,0.0,38.0
752,21.546076077490216,3.0,0.0,0.0,38.0
753,21.55607607749021,3.0,0.0,0.0,38.0
754,21.566076077490216,3.0,0.0,0.0,38.0
755,21.576076077490217,3.0,0.0,0.0,38.0
756,21.58607607749021,3.0,0.0,0.0,38.0
757,21.596076077490217,3.0,0.0,0.0,38.0
758,21.60607607749021,3.0,0.0,0.0,38.0
759,21.616076077490217,3.0,0.0,0.0,38.0
760,21.62607607749021,3.0,0.0,0.0,38.0
761,21.636076077490216,3.0,0.0,0.0,38.0
762,21.646076077490218,3.0,0.0,0.0,38.0
763,21.656076077490216,3.0,0.0,0.0,38.0
764,21.666076077490217,3.0,0.0,0.0,38.0
765,21.67607607749021,3.0,0.0,0.0,38.0
766,21.686076077490217,3.0,0.0,0.0,38.0
767,21.69607607749021,3.0,0.0,0.0,38.0
768,21.706076077490216,3.0,0.0,0.0,38.0
769,21.71607607749021,3.0,0.0,0.0,38.0
770,21.726076077490216,3.0,0.0,0.0,38.0
771,21.736076077490218,3.0,0.0,0.0,38.0
772,21.746076077490216,3.0,0.0,0.0,38.0
773,21.756076077490217,3.0,0.0,0.0,38.0
774,21.76607607749021,3.0,0.0,0.0,38.0
775,21.776076077490217,3.0,0.0,0.0,38.0
776,21.78607607749021,3.0,0.0,0.0,38.0
777,21.796076077490216,3.0,0.0,0.0,38.0
778,21.80607607749021,3.0,0.0,0.0,38.0
779,21.816076077490216,3.0,0.0,0.0,38.0
780,21.826076077490217,3.0,0.0,0.0,38.0
781,21.83607607749021,3.0,0.0,0.0,38.0
782,21.846076077490217,3.0,0.0,0.0,38.0
783,21.85607607749021,3.0,0.0,0.0,38.0
784,21.866076077490217,3.0,0.0,0.0,38.0
785,21.87607607749021,3.0,0.0,0.0,38.0
786,21.886076077490216,3.0,0.0,0.0,38.0
787,21.896076077490218,3.0,0.0,0.0,38.0
788,21.906076077490216,3.0,0.0,0.0,38.0
789,21.916076077490217,3.0,0.0,0.0,38.0
790,21.92607607749021,3.0,0.0,0.0,38.0
791,21.936076077490217,3.0,0.0,0.0,38.0
792,21.94607607749021,3.0,0.0,0.0,38.0
793,21.956076077490216,3.0,0.0,0.0,38.0
794,21.96607607749021,3.0,0.0,0.0,38.0
795,21.976076077490216,3.0,0.0,0.0,38.0
796,21.986076077490218,3.0,0.0,0.0,38.0
797,21.996076077490216,3.0,0.0,0.0,38.0
798,22.006076077490217,3.0,0.0,0.0,38.0
799,22.01607607749021,3.0,0.0,0.0,38.0
800,22.026076077490217,3.0,0.0,0.0,38.0
801,22.03607607749021,3.0,0.0,0.0,38.0
802,22.046076077490216,3.0,0.0,0.0,38.0
803,22.05607607749021,3.0,0.0,0.0,38.0
804,22.066076077490216,3.0,0.0,0.0,38.0
805,22.076076077490217,3.0,0.0,0.0,38.0
806,22.08607607749021,3.0,0.0,0.0,38.0
807,22.096076077490217,3.0,0.0,0.0,38.0
808,22.10607607749021,3.0,0.0,0.0,38.0
809,22.116076077490217,3.0,0.0,0.0,38.0
810,22.12607607749021,3.0,0.0,0.0,38.0
811,22.136076077490216,3.0,0.0,0.0,38.0
812,22.146076077490218,3.0,0.0,0.0,38.0
813,22.156076077490216,3.0,0.0,0.0,38.0
814,22.166076077490217,3.0,0.0,0.0,38.0
815,22.17607607749021,3.0,0.0,0.0,38.0
816,22.186076077490217,4.0,0.0,0.0,38.0
817,22.19607607749021,5.0,0.0,0.0,38.0
818,22.206076077490216,6.0,0.0,0.0,38.0
819,22.21607607749021,7.0,0.0,0.0,38.0
820,22.226076077490216,8.0,0.0,0.0,38.0
821,22.236076077490218,8.0,0.0,0.0,38.0
822,22.246076077490216,9.0,0.0,0.0,38.0
823,22.256076077490217,9.0,0.0,0.0,38.0
824,22.26607607749021,23.0,0.0650400000000065,0.0,38.0
825,22.276076077490217,76.0,0.1734400000000065,0.0,38.0
826,22.28607607749021,123.0,0.2601600000000065,0.0,38.0
827,22.296076077490216,161.0,0.3252000000000065,0.0,38.0
828,22.30607607749021,187.0,0.3902400000000065,0.0,38.0
829,22.316076077490216,214.0,0.4336000000000065,0.0,38.0
830,22.326076077490217,237.0,0.4769600000000065,0.0,38.0
831,22.33607607749021,256.0,0.5094800000000065,0.0,38.0
832,22.346076077490217,271.0,0.5311600000000065,100.0,38.0
833,22.35607607749021,284.0,0.5636800000000065,100.0,38.0
834,22.366076077490217,295.0,0.5745200000000065,100.0,38.0
835,22.37607607749021,304.0,0.5962000000000065,100.0,38.0
836,22.386076077490216,310.0,0.6070400000000065,100.0,38.0
837,22.396076077490218,314.0,0.6070400000000065,100.0,38.0
838,22.406076077490216,321.0,0.6287200000000065,100.0,38.0
839,22.416076077490217,326.0,0.6395600000000065,100.0,38.0
840,22.42607607749021,330.0,0.6395600000000065,100.0,38.0
841,22.436076077490217,329.0,0.6395600000000065,100.0,38.0
842,22.44607607749021,329.0,0.6395600000000065,100.0,38.0
843,22.456076077490216,330.0,0.6395600000000065,100.0,38.0
844,22.46607607749021,330.0,0.6395600000000065,100.0,38.0
845,22.476076077490216,330.0,0.6395600000000065,100.0,38.0
846,22.486076077490218,331.0,0.6504000000000065,100.0,38.0
847,22.496076077490216,340.0,0.6612400000000065,100.0,38.0
848,22.506076077490217,346.0,0.6720800000000066,100.0,38.0
849,22.51607607749021,344.0,0.6720800000000066,100.0,38.0
850,22.526076077490217,347.0,0.6720800000000066,100.0,38.0
851,22.53607607749021,345.0,0.6720800000000066,100.0,38.0
852,22.546076077490216,345.0,0.6720800000000066,100.0,38.0
853,22.55607607749021,346.0,0.6720800000000066,100.0,38.0
854,22.566076077490216,345.0,0.6720800000000066,100.0,38.0
855,22.576076077490217,345.0,0.6720800000000066,100.0,38.0
856,22.58607607749021,345.0,0.6720800000000066,100.0,38.0
857,22.596076077490217,345.0,0.6720800000000066,100.0,38.0
858,22.60607607749021,345.0,0.6720800000000066,100.0,38.0
859,22.616076077490217,345.0,0.6720800000000066,100.0,38.0
860,22.62607607749021,345.0,0.6720800000000066,100.0,38.0
861,22.636076077490216,345.0,0.6720800000000066,100.0,38.0
862,22.646076077490218,345.0,0.6720800000000066,100.0,38.0
863,22.656076077490216,345.0,0.6720800000000066,100.0,38.0
864,22.666076077490217,345.0,0.6720800000000066,100.0,38.0
865,22.67607607749021,345.0,0.6720800000000066,100.0,38.0
866,22.686076077490217,345.0,0.6720800000000066,100.0,38.0
867,22.69607607749021,345.0,0.6720800000000066,100.0,38.0
868,22.706076077490216,345.0,0.6720800000000066,100.0,38.0
869,22.71607607749021,345.0,0.6720800000000066,100.0,38.0
870,22.726076077490216,345.0,0.6720800000000066,100.0,38.0
871,22.736076077490218,345.0,0.6720800000000066,100.0,38.0
872,22.746076077490216,345.0,0.6720800000000066,100.0,38.0
873,22.756076077490217,345.0,0.6720800000000066,100.0,38.0
874,22.76607607749021,345.0,0.6720800000000066,100.0,38.0
875,22.776076077490217,345.0,0.6720800000000066,100.0,38.0
876,22.78607607749021,345.0,0.6720800000000066,100.0,38.0
877,22.796076077490216,345.0,0.6720800000000066,100.0,38.0
878,22.80607607749021,345.0,0.6720800000000066,100.0,38.0
879,22.816076077490216,346.0,0.6720800000000066,100.0,38.0
880,22.826076077490217,346.0,0.6720800000000066,100.0,38.0
881,22.83607607749021,346.0,0.6720800000000066,100.0,38.0
882,22.846076077490217,346.0,0.6720800000000066,100.0,38.0
883,22.85607607749021,347.0,0.6720800000000066,100.0,38.0
884,22.866076077490217,349.0,0.6829200000000075,100.0,38.0
885,22.87607607749021,357.0,0.6937600000000075,100.0,38.0
886,22.886076077490216,359.0,0.7046000000000064,100.0,38.0
887,22.896076077490218,363.0,0.7046000000000064,100.0,38.0
888,22.906076077490216,361.0,0.7046000000000064,100.0,38.0
889,22.916076077490217,362.0,0.7046000000000064,100.0,38.0
890,22.92607607749021,362.0,0.7046000000000064,100.0,38.0
891,22.936076077490217,362.0,0.7046000000000064,100.0,38.0
892,22.94607607749021,362.0,0.7046000000000064,100.0,38.0
893,22.956076077490216,362.0,0.7046000000000064,100.0,38.0
894,22.96607607749021,362.0,0.7046000000000064,100.0,38.0
895,22.976076077490216,361.0,0.7046000000000064,100.0,38.0
896,22.986076077490218,362.0,0.7046000000000064,100.0,38.0
897,22.996076077490216,361.0,0.7046000000000064,100.0,38.0
898,23.006076077490217,362.0,0.7046000000000064,100.0,38.0
899,23.01607607749021,361.0,0.7046000000000064,100.0,38.0
900,23.026076077490217,361.0,0.7046000000000064,100.0,38.0
901,23.03607607749021,362.0,0.7046000000000064,100.0,38.0
902,23.046076077490216,361.0,0.7046000000000064,100.0,38.0
903,23.05607607749021,361.0,0.7046000000000064,100.0,38.0
904,23.066076077490216,361.0,0.7046000000000064,100.0,38.0
905,23.076076077490217,361.0,0.7046000000000064,100.0,38.0
906,23.08607607749021,361.0,0.7046000000000064,100.0,38.0
907,23.096076077490217,361.0,0.7046000000000064,100.0,38.0
908,23.10607607749021,361.0,0.7046000000000064,100.0,38.0
909,23.116076077490217,361.0,0.7046000000000064,100.0,38.0
910,23.12607607749021,360.0,0.6937600000000075,100.0,38.0
911,23.136076077490216,360.0,0.7046000000000064,100.0,38.0
912,23.146076077490218,362.0,0.6937600000000075,100.0,38.0
913,23.156076077490216,331.0,0.5745200000000065,100.0,38.0
914,23.166076077490217,225.0,0.3143600000000065,100.0,38.0
915,23.17607607749021,51.0,0.0,0.0,38.0
916,23.186076077490217,9.0,0.0,0.0,38.0
917,23.19607607749021,8.0,0.0,0.0,38.0
918,23.206076077490216,7.0,0.0,0.0,38.0
919,23.21607607749021,6.0,0.0,0.0,38.0
920,23.226076077490216,5.0,0.0,0.0,38.0
921,23.236076077490218,5.0,0.0,0.0,38.0
922,23.246076077490216,4.0,0.0,0.0,38.0
923,23.256076077490217,4.0,0.0,0.0,38.0
924,23.26607607749021,4.0,0.0,0.0,38.0
925,23.276076077490217,4.0,0.0,0.0,38.0
926,23.28607607749021,3.0,0.0,0.0,38.0
927,23.296076077490216,3.0,0.0,0.0,38.0
928,23.30607607749021,3.0,0.0,0.0,38.0
929,23.316076077490216,3.0,0.0,0.0,38.0
930,23.326076077490217,3.0,0.0,0.0,38.0
931,23.33607607749021,3.0,0.0,0.0,38.0
932,23.346076077490217,3.0,0.0,0.0,38.0
933,23.35607607749021,3.0,0.0,0.0,38.0
934,23.366076077490217,3.0,0.0,0.0,38.0
935,23.37607607749021,3.0,0.0,0.0,38.0
936,23.386076077490216,3.0,0.0,0.0,38.0
937,30.316076077490216,3.0,0.0,0.0,38.0
938,30.326076077490217,3.0,0.0,0.0,38.0
939,30.33607607749021,4.0,0.0,0.0,38.0
940,30.346076077490217,5.0,0.0,0.0,38.0
941,30.35607607749021,7.0,0.0,0.0,38.0
942,30.366076077490217,8.0,0.0,0.0,38.0
943,30.37607607749021,113.0,0.4119200000000065,0.0,38.0
944,30.386076077490216,357.0,0.8780400000000065,0.0,38.0
945,30.396076077490218,563.0,1.2899600000000064,100.0,38.0
946,30.406076077490216,779.0,1.6476800000000074,200.0,38.0
947,30.416076077490217,950.0,1.9728800000000075,300.0,38.0
948,30.42607607749021,1172.0,2.2547200000000065,300.0,38.0
949,30.436076077490217,1471.0,2.504040000000008,400.0,360.0
950,30.44607607749021,1701.0,2.710000000000006,500.0,682.0
951,30.456076077490216,1895.0,2.915960000000007,600.0,1166.0
952,30.46607607749021,2202.0,3.0894000000000075,700.0,1810.0
953,30.476076077490216,2511.0,3.252000000000008,800.0,2294.0
954,30.486076077490218,2852.0,3.403760000000007,900.0,2616.0
955,30.496076077490216,3106.0,3.533840000000007,1100.0,3260.0
956,30.506076077490217,3388.0,3.653080000000007,1200.0,3744.0
957,30.51607607749021,3604.0,3.772320000000008,1300.0,4227.0
958,30.526076077490217,3839.0,3.869880000000008,1400.0,4388.0
959,30.53607607749021,4025.0,3.956600000000008,1500.0,4711.0
960,30.546076077490216,4176.0,4.043320000000008,1500.0,5194.0
961,30.55607607749021,4343.0,4.108360000000007,1600.0,5516.0
962,30.566076077490216,4478.0,4.173400000000007,1700.0,5516.0
963,30.576076077490217,4591.0,4.227600000000007,1700.0,6000.0
964,30.58607607749021,4687.0,4.281800000000008,1700.0,6161.0
965,30.596076077490217,4790.0,4.314320000000008,1800.0,6322.0
966,30.60607607749021,4864.0,4.346840000000007,1800.0,6483.0
967,30.616076077490217,4922.0,4.379360000000007,1900.0,6645.0
968,30.62607607749021,4967.0,4.401040000000007,1900.0,6806.0
969,30.636076077490216,5015.0,4.422720000000007,1900.0,6967.0
970,30.646076077490218,5072.0,4.433560000000007,1900.0,7128.0
971,30.656076077490216,5119.0,4.444400000000008,1900.0,6967.0
972,30.666076077490217,5160.0,4.466080000000008,2000.0,6967.0
973,30.67607607749021,5181.0,4.466080000000008,2000.0,7128.0
974,30.686076077490217,5202.0,4.466080000000008,2000.0,7128.0
975,30.69607607749021,5202.0,4.466080000000008,2000.0,7128.0
976,30.706076077490216,5202.0,4.466080000000008,2000.0,7128.0
977,30.71607607749021,5197.0,4.466080000000008,2000.0,7128.0
978,30.726076077490216,5197.0,4.466080000000008,2000.0,7128.0
979,30.736076077490218,5197.0,4.466080000000008,2000.0,7128.0
980,30.746076077490216,5197.0,4.466080000000008,2000.0,7128.0
981,30.756076077490217,5197.0,4.466080000000008,2000.0,7128.0
982,30.76607607749021,5197.0,4.466080000000008,2000.0,7128.0
983,30.776076077490217,5197.0,4.466080000000008,2000.0,7128.0
984,30.78607607749021,5197.0,4.466080000000008,2000.0,7289.0
985,30.796076077490216,5197.0,4.466080000000008,2000.0,7289.0
986,30.80607607749021,5197.0,4.466080000000008,2000.0,7128.0
987,30.816076077490216,5197.0,4.466080000000008,2000.0,7128.0
988,30.826076077490217,5197.0,4.466080000000008,2000.0,7128.0
989,30.83607607749021,5197.0,4.466080000000008,2000.0,7128.0
990,30.846076077490217,5197.0,4.466080000000008,2000.0,7128.0
991,30.85607607749021,5197.0,4.466080000000008,2000.0,7128.0
992,30.866076077490217,5197.0,4.466080000000008,2000.0,7128.0
993,30.87607607749021,5186.0,4.455240000000008,2000.0,6967.0
994,30.886076077490216,5114.0,4.422720000000007,2000.0,7128.0
995,30.896076077490218,4961.0,4.357680000000007,2000.0,6806.0
996,30.906076077490216,4768.0,4.249280000000008,1900.0,6806.0
997,30.916076077490217,4523.0,4.119200000000006,1800.0,6322.0
998,30.92607607749021,4295.0,3.989120000000008,1700.0,5839.0
999,30.936076077490217,3919.0,3.761480000000008,1600.0,5355.0
1000,30.94607607749021,3250.0,3.371240000000008,1500.0,4388.0
1001,30.956076077490216,2282.0,2.8400800000000075,1200.0,3260.0
1002,30.96607607749021,1595.0,2.2005200000000062,800.0,1649.0
1003,30.976076077490216,933.0,1.5609600000000066,600.0,521.0
1004,30.986076077490218,643.0,0.9539200000000064,300.0,38.0
1005,30.996076077490216,308.0,0.3794000000000065,200.0,38.0
1006,31.006076077490217,70.0,0.0,100.0,38.0
1007,31.01607607749021,9.0,0.0,0.0,38.0
1008,31.026076077490217,8.0,0.0,0.0,38.0
1009,31.03607607749021,7.0,0.0,0.0,38.0
1010,31.046076077490216,6.0,0.0,0.0,38.0
1011,31.05607607749021,5.0,0.0,0.0,38.0
1012,31.066076077490216,5.0,0.0,0.0,38.0
1013,31.076076077490217,4.0,0.0,0.0,38.0
1014,31.08607607749021,4.0,0.0,0.0,38.0
1015,31.096076077490217,4.0,0.0,0.0,38.0
1016,31.10607607749021,4.0,0.0,0.0,38.0
1017,31.116076077490217,3.0,0.0,0.0,38.0
1018,31.12607607749021,3.0,0.0,0.0,38.0
1019,31.136076077490216,3.0,0.0,0.0,38.0
1020,31.146076077490218,3.0,0.0,0.0,38.0
1021,31.156076077490216,3.0,0.0,0.0,38.0
1022,31.166076077490217,3.0,0.0,0.0,38.0
1023,31.17607607749021,3.0,0.0,0.0,38.0
1024,31.186076077490217,3.0,0.0,0.0,38.0
1025,31.19607607749021,3.0,0.0,0.0,38.0
1026,31.206076077490216,3.0,0.0,0.0,38.0
1027,31.21607607749021,3.0,0.0,0.0,38.0
